{"0": [31319, 16.606685836315155], "1": [13299, 6.24339373588562], "11": [2479, 1.0512018585205078], "21": [2615, 1.125849006175995], "31": [2662, 1.1638816428184509], "41": [2686, 1.1734978437423706], "51": [2700, 1.19042649269104], "61": [2709, 1.191459674835205], "71": [2717, 1.2004997181892394], "81": [2722, 1.2038391709327698], "91": [2725, 1.2108681559562684]}