{"0": [37947, 23.689057695865632], "1": [13962, 7.4757966351509095], "11": [1138, 0.3966581106185913], "21": [1126, 0.37142550468444824], "31": [1121, 0.36910545349121093], "41": [1120, 0.367980420589447], "51": [1119, 0.36752312183380126], "61": [1118, 0.36622770547866823], "71": [1117, 0.36629494667053225], "81": [1117, 0.36638293266296384], "91": [1117, 0.36487302541732786]}