{"0": [31479, 16.718373992443084], "1": [17329, 8.80614030122757], "11": [5393, 2.406685144901276], "21": [5684, 2.596271026134491], "31": [5786, 2.674422786235809], "41": [5837, 2.715149278640747], "51": [5868, 2.7443881702423094], "61": [5888, 2.765205125808716], "71": [5902, 2.768987326622009], "81": [5913, 2.779415786266327], "91": [5921, 2.792116777896881]}