{"0": [36765, 21.046927127838135], "1": [20253, 11.33730089187622], "11": [3664, 1.5722338366508484], "21": [3599, 1.5077794528007507], "31": [3578, 1.502079014778137], "41": [3568, 1.4933181238174438], "51": [3562, 1.492653043270111], "61": [3558, 1.4906138610839843], "71": [3555, 1.4939834237098695], "81": [3553, 1.489181923866272], "91": [3551, 1.4949846005439758]}