{"0": [18079, 6.8793962931633], "1": [12152, 5.345135841369629], "11": [1025, 0.3445183992385864], "21": [963, 0.3047424101829529], "31": [942, 0.295687792301178], "41": [931, 0.29040313482284547], "51": [925, 0.2889885020256042], "61": [921, 0.2866277861595154], "71": [918, 0.28621004343032835], "81": [915, 0.28499880075454714], "91": [914, 0.2846555423736572]}