{"0": [33964, 19.73961705207825], "1": [18730, 10.211399321556092], "11": [2086, 0.7950383615493775], "21": [2014, 0.7345343923568726], "31": [1903, 0.6817546939849853], "41": [1890, 0.6721473789215088], "51": [1882, 0.669460940361023], "61": [1878, 0.6670854878425598], "71": [1875, 0.6655842471122742], "81": [1873, 0.6643444681167603], "91": [1871, 0.6635171961784363]}