{"0": [25278, 11.252970209121704], "1": [20272, 9.938451461791992], "11": [9645, 4.2858432459831235], "21": [8895, 3.806246888637543], "31": [8666, 3.6720036840438843], "41": [8552, 3.6054656147956847], "51": [8487, 3.576905994415283], "61": [8445, 3.5467805290222167], "71": [8414, 3.532908890247345], "81": [8391, 3.5210520458221435], "91": [8372, 3.5103104496002198]}