{"0": [[317.74725804511473, 35552, 4444, 259, 1075.3227570056915], [327.7056274847722, 41360, 5170, 352, 1731.404955148697]], "1": [[317.74725804511473, 4823, 4823, 380, 1454.152564048767], [327.7056274847722, 5667, 5667, 498, 2282.8842599391937]], "2": [[317.74725804511473, 8417, 8417, 375, 1468.9872078895569], [327.7056274847722, 10020, 10020, 484, 2240.808175086975]], "3": [[317.74725804511473, 9442, 9442, 451, 1587.7551050186157], [327.7056274847722, 11095, 11095, 582, 2531.8352060317993]]}