{"0": [33742, 17.507565088272095], "1": [12848, 5.791203217506409], "11": [308, 0.10190031290054322], "21": [305, 0.08870686292648315], "31": [304, 0.08828958988189697], "41": [301, 0.08682837009429932], "51": [301, 0.0872720217704773], "61": [300, 0.0867227292060852], "71": [300, 0.08626920223236084], "81": [300, 0.08688846349716187], "91": [300, 0.08648999452590943]}